model,dimension,gamma_over_j,gamma_cm,jmax_cm,theta_min_deg,chi,trace_after_readout
Synthetic gamma,10,1.0,250.0,250.0,89.42787462988096,3.2899523524567106e-05,0.6292654995449951
Synthetic gamma,10,10.0,2500.0,250.0,89.74039519615692,5.58418622947275e-06,0.6187118895471805
Synthetic gamma,10,50.0,12500.0,250.0,89.78242720143716,3.723900113246941e-06,0.615610152389796
Potjans-Diesmann,8,1.0,200.0,200.0,88.27350299552697,0.00026296761850879644,0.6249603566780844
Potjans-Diesmann,8,10.0,2000.0,200.0,89.15091290989871,5.134003489821228e-05,0.6821847754822995
Potjans-Diesmann,8,50.0,10000.0,200.0,89.37484243661277,2.8308928866513837e-05,0.8419225891413791
